{
  "1341180381893754980": {
    "960d31a5-1391-4086-a084-7e6842432d20": {
      "id": "960d31a5-1391-4086-a084-7e6842432d20",
      "panel_id": "960d31a5-1391-4086-a084-7e6842432d20",
      "panel_name": "Painel #020b15a1",
      "title": "Painel de Ticket",
      "description": "Clique no bot\u00e3o abaixo para abrir um ticket.",
      "color": "blue",
      "support_role_id": null,
      "category_id": null,
      "interaction_type": "button",
      "button_style": "primary",
      "button_emoji": "\ud83c\udfab",
      "button_text": "Abrir Ticket",
      "dropdown_placeholder": "Selecione uma op\u00e7\u00e3o",
      "dropdown_options": [],
      "ticket_name_format": "ticket-{number}",
      "welcome_message": "Ol\u00e1 {user}, seu ticket foi criado com sucesso.",
      "instruction_message": "\u2022 Descreva seu problema detalhadamente\n\u2022 Aguarde o atendimento da equipe\n\u2022 Use o bot\u00e3o `Fechar Ticket` quando finalizar\n\u2022 Seja paciente e cort\u00eas",
      "creator_id": "1080896815987183616",
      "guild_id": "1341180381893754980",
      "created_at": "2025-03-29T17:04:48.970509"
    }
  }
}