{
  "1350552926094888982": {
    "3aceac9d-5bd1-458f-99b4-96c6cb071c28": {
      "id": "3aceac9d-5bd1-458f-99b4-96c6cb071c28",
      "panel_id": "3aceac9d-5bd1-458f-99b4-96c6cb071c28",
      "panel_name": "Meu painel",
      "title": "\ud83d\udce9 **Suporte ao seu alcance!**",
      "description": "Precisa de ajuda? Clique no bot\u00e3o abaixo para abrir um ticket e nossa equipe responder\u00e1 o mais r\u00e1pido poss\u00edvel. \ud83d\ude80  \n\n\ud83d\udd39 **Como funciona?**  \n- Seu ticket ser\u00e1 criado em um canal privado.  \n- Apenas voc\u00ea e a equipe de suporte poder\u00e3o ver as mensagens.  \n- Quando sua d\u00favida for resolvida, o ticket poder\u00e1 ser fechado.",
      "color": "black",
      "support_role_id": "1350859924053426269",
      "category_id": "1355335350796423228",
      "interaction_type": "dropdown",
      "button_style": "primary",
      "button_emoji": "\ud83c\udfab",
      "button_text": "Abrir Ticket",
      "dropdown_placeholder": "Crie um ticket r\u00e1pido",
      "dropdown_options": [
        {
          "label": "Suporte T\u00e9cnico",
          "value": "suporte_tecnico",
          "description": "Problemas t\u00e9cnicos ou d\u00favidas sobre o sistema."
        },
        {
          "label": "D\u00favidas Gerais",
          "value": "duvidas_gerais",
          "description": "Perguntas sobre regras, comandos e funcionalidades."
        },
        {
          "label": "Problemas com Pagamento",
          "value": "pagamento",
          "description": "Relate problemas com compras, assinaturas ou faturas."
        },
        {
          "label": "Den\u00fancias",
          "value": "denuncia",
          "description": "Reporte comportamento inadequado ou viola\u00e7\u00f5es de regras."
        }
      ],
      "ticket_name_format": "ticket-{number} {user}",
      "welcome_message": "\ud83d\udccc **Ticket Aberto!**  {user}",
      "instruction_message": "\ud83d\udd39 **Status:** Em andamento  \n\ud83d\udd39 **Solicitante:** {user}  \n\ud83d\udd39 **Servidor:** {server}  \n\n\ud83d\udc65 **Equipe de Suporte:** Nossa equipe est\u00e1 a caminho para te ajudar!  \n\n\u2699\ufe0f **Op\u00e7\u00f5es dispon\u00edveis:**  \n- \ud83c\udff7\ufe0f **Alterar categoria** (Escolha um novo motivo para o ticket)  \n- \ud83d\udc64 **Adicionar/Remover usu\u00e1rio** (Permitir que outros usu\u00e1rios participem)  \n- \ud83d\udccc **Definir prioridade** (Marcar como urgente ou normal)  \n- \ud83d\udce4 **Transferir ticket** (Enviar para outro atendente)  \n- \ud83d\udd14 **Notificar usu\u00e1rio** (Enviar um aviso ao solicitante)  \n- \ud83d\udcdc **Visualizar logs** (Hist\u00f3rico de intera\u00e7\u00f5es)  \n- \ud83d\udd12 **Fechar ticket** (Encerrar e arquivar)  \n\n\ud83d\udcac **Nossa equipe responder\u00e1 o mais r\u00e1pido poss\u00edvel! Se precisar de algo, fique \u00e0 vontade para perguntar.** \ud83d\ude80",
      "creator_id": "1080896815987183616",
      "guild_id": "1350552926094888982",
      "created_at": "2025-03-29T14:50:52.508459"
    }
  },
  "1337105458607030374": {
    "a52dd90b-e15a-4de3-aa14-05d8b45e53f9": {
      "id": "a52dd90b-e15a-4de3-aa14-05d8b45e53f9",
      "panel_id": "a52dd90b-e15a-4de3-aa14-05d8b45e53f9",
      "panel_name": "Painel de Parceria",
      "title": "\ud83d\udce2 Quer divulgar seu servidor? Chegou a hora de fechar aquela parceria \ud83d\udd25",
      "description": ":small_blue_diamond: **Benef\u00edcios:**  \n:white_check_mark: Divulga\u00e7\u00e3o para nossa comunidade  \n:white_check_mark: Crescimento garantido para ambos os lados  \n:white_check_mark: Parcerias de longo prazo com suporte total  \n\n:scroll: **Regras:**  \n:small_orange_diamond: Ter um servidor organizado e ativo  \n:small_orange_diamond: N\u00e3o aceitar conte\u00fados proibidos (NSFW, scams, etc.)  \n:small_orange_diamond: Respeitar os termos e condi\u00e7\u00f5es de parceria  \n\n:dart: **Como solicitar?**  \nClique no bot\u00e3o abaixo e fale com nossa equipe! :rocket:",
      "color": "white",
      "support_role_id": "1337108395559489736",
      "category_id": "1337497055110889473",
      "interaction_type": "button",
      "button_style": "secondary",
      "button_emoji": "\ud83e\udd1d",
      "button_text": "Solicitar Parceria",
      "dropdown_placeholder": "Selecione uma op\u00e7\u00e3o",
      "dropdown_options": [],
      "ticket_name_format": "\ud83e\udd1d\u2503parceria {user}",
      "welcome_message": "Ol\u00e1 {user}, seu ticket foi criado com sucesso.",
      "instruction_message": "\u2022 Descreva seu problema detalhadamente\n\u2022 Aguarde o atendimento da equipe\n\u2022 Use o bot\u00e3o `Fechar Ticket` quando finalizar\n\u2022 Seja paciente e cort\u00eas",
      "creator_id": "1080896815987183616",
      "guild_id": "1337105458607030374",
      "created_at": "2025-04-01T19:12:27.236709"
    },
    "0b1a36c7-8b2d-43f0-b970-6340efa8b77c": {
      "id": "0b1a36c7-8b2d-43f0-b970-6340efa8b77c",
      "panel_id": "0b1a36c7-8b2d-43f0-b970-6340efa8b77c",
      "panel_name": "Painel de ticket",
      "title": "Painel de Ticket",
      "description": "> Precisa de ajuda? Abra um ticket e nossa equipe estar\u00e1 pronta para te atender. Seja para suporte, d\u00favidas ou qualquer outra quest\u00e3o, estamos aqui para ajudar.  \n\n> Certifique-se de explicar sua solicita\u00e7\u00e3o com clareza e aguarde a resposta com paci\u00eancia. O uso indevido do sistema pode resultar em puni\u00e7\u00f5es.",
      "color": "blue",
      "support_role_id": "1337108056030314578",
      "category_id": "1355607944875475136",
      "interaction_type": "button",
      "button_style": "success",
      "button_emoji": "\ud83c\udfab",
      "button_text": "Solicitar Atendimento r\u00e1pido",
      "dropdown_placeholder": "Selecione uma op\u00e7\u00e3o",
      "dropdown_options": [
        {
          "label": "Suporte T\u00e9cnico",
          "value": "1",
          "description": "Problemas t\u00e9cnicos ou d\u00favidas sobre o sistema."
        },
        {
          "label": "D\u00favidas Gerais",
          "value": "2",
          "description": "Perguntas sobre regras, comandos e funcionalidades."
        },
        {
          "label": "D\u00favidas Gerais",
          "value": "2",
          "description": "Perguntas sobre regras, comandos e funcionalidades."
        }
      ],
      "ticket_name_format": "ticket-{number}",
      "welcome_message": "Ol\u00e1 {user}, seu ticket foi criado com sucesso.",
      "instruction_message": "\u2022 Descreva seu problema detalhadamente\n\u2022 Aguarde o atendimento da equipe\n\u2022 Use o bot\u00e3o `Fechar Ticket` quando finalizar\n\u2022 Seja paciente e cort\u00eas",
      "creator_id": "1080896815987183616",
      "guild_id": "1337105458607030374",
      "created_at": "2025-04-01T21:18:19.992479"
    },
    "bd21ad7c-4165-43a4-8ae2-72260c2f2e62": {
      "id": "bd21ad7c-4165-43a4-8ae2-72260c2f2e62",
      "panel_id": "bd21ad7c-4165-43a4-8ae2-72260c2f2e62",
      "panel_name": "Painel #bd21ad7c",
      "title": "\ud83c\udf9f\ufe0f\u2728 BEM-VINDO AO SUPORTE \u2728\ud83c\udf9f\ufe0f",
      "description": "> Precisa de ajuda? Abra um ticket e nossa equipe estar\u00e1 pronta para te atender. Seja para suporte, d\u00favidas ou qualquer outra quest\u00e3o, estamos aqui para ajudar.  \n\n> Certifique-se de explicar sua solicita\u00e7\u00e3o com clareza e aguarde a resposta com paci\u00eancia. O uso indevido do sistema pode resultar em puni\u00e7\u00f5es.",
      "color": "black",
      "support_role_id": null,
      "category_id": "1355607944875475136",
      "interaction_type": "dropdown",
      "button_style": "primary",
      "button_emoji": "\ud83c\udfab",
      "button_text": "Abrir Ticket",
      "dropdown_placeholder": "Selecione uma categoria",
      "dropdown_options": [
        {
          "label": "Suporte T\u00e9cnico",
          "value": "suporte_tecnico",
          "description": "Problemas t\u00e9cnicos ou d\u00favidas sobre o sistema."
        },
        {
          "label": "D\u00favidas Gerais",
          "value": "duvidas_gerais",
          "description": "Perguntas sobre regras, comandos e funcionalidades."
        },
        {
          "label": "Den\u00fancias",
          "value": "denuncia",
          "description": "Reporte comportamento inadequado ou viola\u00e7\u00f5es de regras."
        }
      ],
      "ticket_name_format": "suporte-{number}",
      "welcome_message": "Ol\u00e1 {user}, seu ticket foi criado com sucesso.",
      "instruction_message": "\u2022 Descreva seu problema detalhadamente\n\u2022 Aguarde o atendimento da equipe\n\u2022 Use o bot\u00e3o `Fechar Ticket` quando finalizar\n\u2022 Seja paciente e cort\u00eas",
      "creator_id": "1080896815987183616",
      "guild_id": "1337105458607030374",
      "created_at": "2025-04-01T21:24:54.394255"
    }
  },
  "1355642536936472647": {
    "b7be5dbf-3638-45e3-8884-f8fd56172b32": {
      "id": "b7be5dbf-3638-45e3-8884-f8fd56172b32",
      "panel_id": "b7be5dbf-3638-45e3-8884-f8fd56172b32",
      "panel_name": "Painel #d484d8d5",
      "title": "Painel de Ticket",
      "description": "Clique no bot\u00e3o abaixo para abrir um ticket.",
      "color": "blue",
      "support_role_id": "1355646146055373011",
      "category_id": "1355642536936472648",
      "interaction_type": "button",
      "button_style": "primary",
      "button_emoji": "\ud83c\udfab",
      "button_text": "Abrir Ticket",
      "dropdown_placeholder": "Selecione uma op\u00e7\u00e3o",
      "dropdown_options": [],
      "ticket_name_format": "ticket-{number}",
      "welcome_message": "Ol\u00e1 {user}, seu ticket foi criado com sucesso.",
      "instruction_message": "\u2022 Descreva seu problema detalhadamente\n\u2022 Aguarde o atendimento da equipe\n\u2022 Use o bot\u00e3o `Fechar Ticket` quando finalizar\n\u2022 Seja paciente e cort\u00eas",
      "creator_id": "1333578813149548698",
      "guild_id": "1355642536936472647",
      "created_at": "2025-03-29T18:41:17.841260"
    },
    "a6b9b87c-e8e1-46c1-95ca-dfe2c3c6fc29": {
      "id": "a6b9b87c-e8e1-46c1-95ca-dfe2c3c6fc29",
      "panel_id": "a6b9b87c-e8e1-46c1-95ca-dfe2c3c6fc29",
      "panel_name": "Painel #1d59644c",
      "title": "Painel de Ticket",
      "description": "Clique no bot\u00e3o abaixo para abrir um ticket.",
      "color": "yellow",
      "support_role_id": "1355646146055373011",
      "category_id": "1355642536936472648",
      "interaction_type": "button",
      "button_style": "primary",
      "button_emoji": "\ud83c\udfab",
      "button_text": "Abrir Ticket",
      "dropdown_placeholder": "Selecione uma op\u00e7\u00e3o",
      "dropdown_options": [],
      "ticket_name_format": "ticket-{number}",
      "welcome_message": "Ol\u00e1 {user}, seu ticket foi criado com sucesso.",
      "instruction_message": "\u2022 Descreva seu problema detalhadamente\n\u2022 Aguarde o atendimento da equipe\n\u2022 Use o bot\u00e3o `Fechar Ticket` quando finalizar\n\u2022 Seja paciente e cort\u00eas",
      "creator_id": "1333578813149548698",
      "guild_id": "1355642536936472647",
      "created_at": "2025-03-29T18:09:54.906588"
    },
    "31f5cbd0-8ede-4cf8-994c-d6671eef177c": {
      "id": "31f5cbd0-8ede-4cf8-994c-d6671eef177c",
      "panel_id": "31f5cbd0-8ede-4cf8-994c-d6671eef177c",
      "panel_name": "painel de ticket",
      "title": "@user bem vindo!",
      "description": "Clique no bot\u00e3o abaixo para abrir um ticket.",
      "color": "yellow",
      "support_role_id": "1355646146055373011",
      "category_id": "1355642536936472648",
      "interaction_type": "button",
      "button_style": "primary",
      "button_emoji": "\ud83c\udfab",
      "button_text": "Abrir Ticket",
      "dropdown_placeholder": "Selecione uma op\u00e7\u00e3o",
      "dropdown_options": [],
      "ticket_name_format": "ticket-{number}",
      "welcome_message": "Ol\u00e1 {user}, seu ticket foi criado com sucesso.",
      "instruction_message": "\u2022 Descreva seu problema detalhadamente\n\u2022 Aguarde o atendimento da equipe\n\u2022 Use o bot\u00e3o `Fechar Ticket` quando finalizar\n\u2022 Seja paciente e cort\u00eas",
      "creator_id": "1333578813149548698",
      "guild_id": "1355642536936472647",
      "created_at": "2025-03-29T18:00:17.271596"
    },
    "1d59644c-7fc3-43e1-bb20-4faedd676dbf": {
      "id": "1d59644c-7fc3-43e1-bb20-4faedd676dbf",
      "panel_id": "1d59644c-7fc3-43e1-bb20-4faedd676dbf",
      "panel_name": "Painel #1d59644c",
      "title": "Painel de Ticket",
      "description": "Clique no bot\u00e3o abaixo para abrir um ticket.",
      "color": "yellow",
      "support_role_id": "1355646146055373011",
      "category_id": "1355642536936472648",
      "interaction_type": "button",
      "button_style": "primary",
      "button_emoji": "\ud83c\udfab",
      "button_text": "Abrir Ticket",
      "dropdown_placeholder": "Selecione uma op\u00e7\u00e3o",
      "dropdown_options": [],
      "ticket_name_format": "ticket-{number}",
      "welcome_message": "Ol\u00e1 {user}, seu ticket foi criado com sucesso.",
      "instruction_message": "\u2022 Descreva seu problema detalhadamente\n\u2022 Aguarde o atendimento da equipe\n\u2022 Use o bot\u00e3o `Fechar Ticket` quando finalizar\n\u2022 Seja paciente e cort\u00eas",
      "creator_id": "1333578813149548698",
      "guild_id": "1355642536936472647",
      "created_at": "2025-03-29T18:09:54.906588"
    },
    "d484d8d5-a429-4bc6-bcaa-09790249e19c": {
      "id": "d484d8d5-a429-4bc6-bcaa-09790249e19c",
      "panel_id": "d484d8d5-a429-4bc6-bcaa-09790249e19c",
      "panel_name": "Painel #d484d8d5",
      "title": "Painel de Ticket",
      "description": "Clique no bot\u00e3o abaixo para abrir um ticket.",
      "color": "blue",
      "support_role_id": "1355646146055373011",
      "category_id": "1355642536936472648",
      "interaction_type": "button",
      "button_style": "primary",
      "button_emoji": "\ud83c\udfab",
      "button_text": "Abrir Ticket",
      "dropdown_placeholder": "Selecione uma op\u00e7\u00e3o",
      "dropdown_options": [],
      "ticket_name_format": "ticket-{number}",
      "welcome_message": "Ol\u00e1 {user}, seu ticket foi criado com sucesso.",
      "instruction_message": "\u2022 Descreva seu problema detalhadamente\n\u2022 Aguarde o atendimento da equipe\n\u2022 Use o bot\u00e3o `Fechar Ticket` quando finalizar\n\u2022 Seja paciente e cort\u00eas",
      "creator_id": "1333578813149548698",
      "guild_id": "1355642536936472647",
      "created_at": "2025-03-29T18:41:17.841260"
    }
  },
  "1355640623058780170": {
    "3de2b695-f4f7-425d-b70c-5a3a7741a691": {
      "id": "3de2b695-f4f7-425d-b70c-5a3a7741a691",
      "panel_id": "3de2b695-f4f7-425d-b70c-5a3a7741a691",
      "panel_name": "Painel #3de2b695",
      "title": "Painel de Ticket",
      "description": "Clique no bot\u00e3o abaixo para abrir um ticket.",
      "color": "blue",
      "support_role_id": null,
      "category_id": null,
      "interaction_type": "button",
      "button_style": "primary",
      "button_emoji": "\ud83c\udfab",
      "button_text": "Abrir Ticket",
      "dropdown_placeholder": "Selecione uma op\u00e7\u00e3o",
      "dropdown_options": [],
      "ticket_name_format": "ticket-{number}",
      "welcome_message": "Ol\u00e1 {user}, seu ticket foi criado com sucesso.",
      "instruction_message": "\u2022 Descreva seu problema detalhadamente\n\u2022 Aguarde o atendimento da equipe\n\u2022 Use o bot\u00e3o `Fechar Ticket` quando finalizar\n\u2022 Seja paciente e cort\u00eas",
      "creator_id": "1080896815987183616",
      "guild_id": "1355640623058780170",
      "created_at": "2025-03-29T17:43:15.502914"
    },
    "5657173c-22eb-4221-91b0-c34f7b158297": {
      "id": "5657173c-22eb-4221-91b0-c34f7b158297",
      "panel_id": "5657173c-22eb-4221-91b0-c34f7b158297",
      "panel_name": "Painel #5657173c",
      "title": "Painel de Ticket",
      "description": "Clique no bot\u00e3o abaixo para abrir um ticket.",
      "color": "blue",
      "support_role_id": null,
      "category_id": null,
      "interaction_type": "button",
      "button_style": "primary",
      "button_emoji": "\ud83c\udfab",
      "button_text": "Abrir Ticket",
      "dropdown_placeholder": "Selecione uma op\u00e7\u00e3o",
      "dropdown_options": [],
      "ticket_name_format": "ticket-{number}",
      "welcome_message": "Ol\u00e1 {user}, seu ticket foi criado com sucesso.",
      "instruction_message": "\u2022 Descreva seu problema detalhadamente\n\u2022 Aguarde o atendimento da equipe\n\u2022 Use o bot\u00e3o `Fechar Ticket` quando finalizar\n\u2022 Seja paciente e cort\u00eas",
      "creator_id": "692570728817492039",
      "guild_id": "1355640623058780170",
      "created_at": "2025-03-29T17:49:12.295204"
    }
  },
  "1290856602219446362": {
    "b3c59408-0912-4bc8-ae8d-91640cd13437": {
      "id": "b3c59408-0912-4bc8-ae8d-91640cd13437",
      "panel_id": "b3c59408-0912-4bc8-ae8d-91640cd13437",
      "panel_name": "Painel Tickets",
      "title": "Painel de Ticket",
      "description": "Clique no bot\u00e3o abaixo para abrir um ticket.",
      "color": "blue",
      "support_role_id": "1291561475974107136",
      "category_id": "1291571151385923615",
      "interaction_type": "button",
      "button_style": "primary",
      "button_emoji": "\ud83c\udfab",
      "button_text": "Abrir Ticket",
      "dropdown_placeholder": "Selecione uma op\u00e7\u00e3o",
      "dropdown_options": [],
      "ticket_name_format": "ticket-{number}",
      "welcome_message": "Ol\u00e1 {user}, seu ticket foi criado com sucesso.",
      "instruction_message": "Descreva seu problema detalhadamente enquanto aguarda o atendimento da equipe",
      "creator_id": "981140129953509407",
      "guild_id": "1290856602219446362",
      "created_at": "2025-03-30T20:17:09.686460"
    }
  }
}